client,club
Clifton Taylor,Clube das Begonias
Martha Cobbley,Clube das Rosas
Travis Hyde,Clube das Suculentas
Gloria Scott,Clube das Rosas
Vicki Lomas,Clube dos Cravos
Randall Fitzgerald,Clube das Begonias
Nicole Bryant,Clube das Begonias
Anna Russell,Clube das Margaridas
Adriana Braden,Clube das Lotus
Maryam Marshall,Clube das Margaridas
Joselyn Jackson,Clube das Azaleias
Michael Szymansky,Clube das Begonias
Christine Ellis,Clube das Margaridas
Jean Lambert,Clube das Hortensias
Josephine Strand,Clube das Hortensias
Richard Lewis,Clube das Lotus
Lucila Emory,Clube das Lotus
Margaret Kobayashi,Clube das Orquideas
Eugene Simoneau,Clube das Azaleias
Donna Parker,Clube dos Cravos
Lynette Johnson,Clube das Tulipas
Peter Sheeran,Clube dos Cravos
Eddie Cannon,Clube dos Cravos
Christopher Sands,Clube das Hortensias
Grover Diaz,Clube das Tulipas
Sarah Chambers,Clube das Orquideas
Donna Viveros,Clube das Azaleias
William Sayman,Clube das Margaridas
Wyatt Bussey,Clube das Suculentas
Luis Dillon,Clube das Margaridas
Gregory Martin,Clube das Lotus
Patrick Olds,Clube das Orquideas
Trudy Crisafi,Clube das Begonias
Luis Fields,Clube das Azaleias
Alisha Quintanilla,Clube das Azaleias
William Howard,Clube das Lotus
Lisa Bush,Clube das Rosas
Donald Blackwood,Clube dos Cravos
Tony Kluender,Clube dos Cravos
Juanita Billy,Clube das Hortensias
Stacey Small,Clube das Suculentas
Kenneth Yazzie,Clube das Lotus
William Dunham,Clube das Rosas
Kenneth Hughes,Clube das Orquideas
Paulette Brooks,Clube das Orquideas
Brenda Swisher,Clube das Hortensias
Henry Cardenas,Clube das Rosas
Hilda Salo,Clube das Azaleias
Darrell George,Clube das Rosas
Alvin Torres,Clube das Lotus
Ellen Kain,Clube dos Cravos
Kimberly Li,Clube das Margaridas